AgendaEventos_CodAgenda;Agenda;CodAgenda;AgendaEventos;CodAgenda
AgendaEventosAtendimento_NumEvento;AgendaEventos;NumEvento;AgendaEventosAtendimento;NumEvento
AgendaEventosProdutos_NumEvento;AgendaEventos;NumEvento;AgendaEventosProdutos;NumEvento
AgendaEventosUsuarios_NumEvento;AgendaEventos;NumEvento;AgendaEventosUsuarios;NumEvento
FK_NotaEntradaAjusteICMS_AjusteICMSDocumentoFiscal;AjusteICMSDocumentoFiscal;CodAjuste;NotaEntradaAjusteICMS;CodAjuste
FK_NotaSaidaAjusteICMS_AjusteICMSDocumentoFiscal;AjusteICMSDocumentoFiscal;CodAjuste;NotaSaidaAjusteICMS;CodAjuste
aPagarAnexos_Numero;aPagar;CodCredor;aPagarAnexos;CodCredor
aPagarAnexos_Numero;aPagar;CodEmpresa;aPagarAnexos;CodEmpresa
aPagarAnexos_Numero;aPagar;Desdobramento;aPagarAnexos;Desdobramento
aPagarAnexos_Numero;aPagar;Numero;aPagarAnexos;Numero
aPagarAutorizacoes_Numero;aPagar;Numero;aPagarAutorizacoes;Numero
aPagarAutorizacoes_Numero;aPagar;Desdobramento;aPagarAutorizacoes;Desdobramento
aPagarAutorizacoes_Numero;aPagar;CodEmpresa;aPagarAutorizacoes;CodEmpresa
aPagarAutorizacoes_Numero;aPagar;CodCredor;aPagarAutorizacoes;CodCredor
FK_aPagarBaixa_aPagar;aPagar;CodCredor;aPagarBaixa;CodCredor
FK_aPagarBaixa_aPagar;aPagar;CodEmpresa;aPagarBaixa;CodEmpresa
FK_aPagarBaixa_aPagar;aPagar;Desdobramento;aPagarBaixa;Desdobramento
FK_aPagarBaixa_aPagar;aPagar;Numero;aPagarBaixa;Numero
FK_aPagarDevolucao_aPagar;aPagar;Desdobramento;aPagarDevolucao;Desdobramento
FK_aPagarDevolucao_aPagar;aPagar;Numero;aPagarDevolucao;Numero
FK_aPagarDevolucao_aPagar;aPagar;CodCredor;aPagarDevolucao;CodCredor
FK_aPagarDevolucao_aPagar;aPagar;CodEmpresa;aPagarDevolucao;CodEmpresa
aPagarDistribFinanceira_Numero;aPagar;CodEmpresa;aPagarDistribFinanceira;CodEmpresa
aPagarDistribFinanceira_Numero;aPagar;CodCredor;aPagarDistribFinanceira;CodCredor
aPagarDistribFinanceira_Numero;aPagar;Numero;aPagarDistribFinanceira;Numero
aPagarDistribFinanceira_Numero;aPagar;Desdobramento;aPagarDistribFinanceira;Desdobramento
aPagarPISCOFINS_Numero;aPagar;Desdobramento;aPagarPISCOFINS;Desdobramento
aPagarPISCOFINS_Numero;aPagar;Numero;aPagarPISCOFINS;Numero
aPagarPISCOFINS_Numero;aPagar;CodEmpresa;aPagarPISCOFINS;CodEmpresa
aPagarPISCOFINS_Numero;aPagar;CodCredor;aPagarPISCOFINS;CodCredor
FK_aPagarRastreamentoEletronico_aPagar;aPagar;CodEmpresa;aPagarRastreamentoEletronico;CodEmpresa
FK_aPagarRastreamentoEletronico_aPagar;aPagar;CodCredor;aPagarRastreamentoEletronico;CodCredor
FK_aPagarRastreamentoEletronico_aPagar;aPagar;Numero;aPagarRastreamentoEletronico;Numero
FK_aPagarRastreamentoEletronico_aPagar;aPagar;Desdobramento;aPagarRastreamentoEletronico;Desdobramento
Mesas_CodAreaMesa;AreasMesas;CodAreaMesa;Mesas;CodAreaMesa
Mesas_CodAreaMesa;AreasMesas;CodEmpresa;Mesas;CodEmpresa
FK_aReceberAnexos_aReceber;aReceber;CodEmpresa;aReceberAnexos;CodEmpresa
FK_aReceberAnexos_aReceber;aReceber;Desdobramento;aReceberAnexos;Desdobramento
FK_aReceberAnexos_aReceber;aReceber;Numero;aReceberAnexos;Numero
FK_aReceberBaixa_aReceber;aReceber;Numero;aReceberBaixa;Numero
FK_aReceberBaixa_aReceber;aReceber;Desdobramento;aReceberBaixa;Desdobramento
FK_aReceberBaixa_aReceber;aReceber;CodEmpresa;aReceberBaixa;CodEmpresa
FK_aReceberCobranca_aReceber;aReceber;CodEmpresa;aReceberCobranca;CodEmpresa
FK_aReceberCobranca_aReceber;aReceber;Desdobramento;aReceberCobranca;Desdobramento
FK_aReceberCobranca_aReceber;aReceber;Numero;aReceberCobranca;Numero
FK_aReceberConciliador_aReceber;aReceber;Numero;aReceberConciliador;Numero
FK_aReceberConciliador_aReceber;aReceber;Desdobramento;aReceberConciliador;Desdobramento
FK_aReceberConciliador_aReceber;aReceber;CodEmpresa;aReceberConciliador;CodEmpresa
FK_aReceberDevolvido_aReceber;aReceber;Desdobramento;aReceberDevolvido;Desdobramento
FK_aReceberDevolvido_aReceber;aReceber;CodEmpresa;aReceberDevolvido;CodEmpresa
FK_aReceberDevolvido_aReceber;aReceber;Numero;aReceberDevolvido;Numero
FK_aReceberDistribFinanceira_aReceber;aReceber;Desdobramento;aReceberDistribFinanceira;Desdobramento
FK_aReceberDistribFinanceira_aReceber;aReceber;CodEmpresa;aReceberDistribFinanceira;CodEmpresa
FK_aReceberDistribFinanceira_aReceber;aReceber;Numero;aReceberDistribFinanceira;Numero
FK_aReceberRemessaCNAB_aReceber;aReceber;Numero;aReceberRemessaCNAB;Numero
FK_aReceberRemessaCNAB_aReceber;aReceber;CodEmpresa;aReceberRemessaCNAB;CodEmpresa
FK_aReceberRemessaCNAB_aReceber;aReceber;Desdobramento;aReceberRemessaCNAB;Desdobramento
BorderoDescontoaReceber_Numero;aReceber;Desdobramento;BorderoDescontoaReceber;Desdobramento
BorderoDescontoaReceber_Numero;aReceber;CodEmpresa;BorderoDescontoaReceber;CodEmpresa
BorderoDescontoaReceber_Numero;aReceber;Numero;BorderoDescontoaReceber;Numero
FK_AribaPedidoItem_AribaPedido;AribaPedido;ID;AribaPedidoItem;ID
FK_AgendaEventosAtendimento_Atendimento;Atendimento;CodEmpresa;AgendaEventosAtendimento;CodEmpresa
FK_AgendaEventosAtendimento_Atendimento;Atendimento;Desdobramento;AgendaEventosAtendimento;Desdobramento
FK_AgendaEventosAtendimento_Atendimento;Atendimento;NumAtendimento;AgendaEventosAtendimento;NumAtendimento
FK_AtendimentoAnexos_Atendimento;Atendimento;NumAtendimento;AtendimentoAnexos;NumAtendimento
FK_AtendimentoAnexos_Atendimento;Atendimento;Desdobramento;AtendimentoAnexos;Desdobramento
FK_AtendimentoAnexos_Atendimento;Atendimento;CodEmpresa;AtendimentoAnexos;CodEmpresa
FK_AtendimentoIteracao_Atendimento;Atendimento;CodEmpresa;AtendimentoIteracao;CodEmpresa
FK_AtendimentoIteracao_Atendimento;Atendimento;Desdobramento;AtendimentoIteracao;Desdobramento
FK_AtendimentoIteracao_Atendimento;Atendimento;NumAtendimento;AtendimentoIteracao;NumAtendimento
FK_AtendimentoPrazo_Atendimento;Atendimento;NumAtendimento;AtendimentoPrazo;NumAtendimento
FK_AtendimentoPrazo_Atendimento;Atendimento;Desdobramento;AtendimentoPrazo;Desdobramento
FK_AtendimentoPrazo_Atendimento;Atendimento;CodEmpresa;AtendimentoPrazo;CodEmpresa
FK_CQSRegistrosAtendimento_Atendimento;Atendimento;CodEmpresa;CQSRegistrosAtendimento;CodEmpresa
FK_CQSRegistrosAtendimento_Atendimento;Atendimento;NumAtendimento;CQSRegistrosAtendimento;NumAtendimento
FK_CQSRegistrosAtendimento_Atendimento;Atendimento;Desdobramento;CQSRegistrosAtendimento;Desdobramento
FK_LigacaoTelefonicaAtendimento_Atendimento;Atendimento;Desdobramento;LigacaoTelefonicaAtendimento;Desdobramento
FK_LigacaoTelefonicaAtendimento_Atendimento;Atendimento;CodEmpresa;LigacaoTelefonicaAtendimento;CodEmpresa
FK_LigacaoTelefonicaAtendimento_Atendimento;Atendimento;NumAtendimento;LigacaoTelefonicaAtendimento;NumAtendimento
FK_RDM_Atendimento;Atendimento;CodEmpresa;RDM;CodEmpresa
FK_RDM_Atendimento;Atendimento;Desdobramento;RDM;DesdobramentoAtendimento
FK_RDM_Atendimento;Atendimento;NumAtendimento;RDM;NumAtendimento
BoletimRecebimentoCarga_NumBoletim;BoletimRecebimento;CodEmpresa;BoletimRecebimentoCarga;CodEmpresa
BoletimRecebimentoCarga_NumBoletim;BoletimRecebimento;NumBoletim;BoletimRecebimentoCarga;NumBoletim
BoletimRecebimentoDespesas_NumBoletim;BoletimRecebimento;NumBoletim;BoletimRecebimentoDespesas;NumBoletim
BoletimRecebimentoDespesas_NumBoletim;BoletimRecebimento;CodEmpresa;BoletimRecebimentoDespesas;CodEmpresa
BoletimRecebimentoDocumento_NumBoletim;BoletimRecebimento;CodEmpresa;BoletimRecebimentoDocumento;CodEmpresa
BoletimRecebimentoDocumento_NumBoletim;BoletimRecebimento;NumBoletim;BoletimRecebimentoDocumento;NumBoletim
BorderoDescontoaChequesRecebidos_NumDesconto;BorderoDesconto;CodEmpresa;BorderoDescontoaChequesRecebidos;CodEmpresa
BorderoDescontoaChequesRecebidos_NumDesconto;BorderoDesconto;NumDesconto;BorderoDescontoaChequesRecebidos;NumDesconto
BorderoDescontoaReceber_NumDesconto;BorderoDesconto;NumDesconto;BorderoDescontoaReceber;NumDesconto
BorderoDescontoaReceber_NumDesconto;BorderoDesconto;CodEmpresa;BorderoDescontoaReceber;CodEmpresa
BoletimRecebimento_CodConta;CaixaBanco;CodConta;BoletimRecebimento;CodConta
ConciliacaoBancaria_CodConta;CaixaBanco;CodConta;ConciliacaoBancaria;CodConta
Mapao_CodConta;CaixaBanco;CodConta;Mapao;CodConta
MovimentoCaixaBanco_CodConta;CaixaBanco;CodConta;MovimentoCaixaBanco;CodConta
CampanhaOperador_CodCampanha;Campanha;CodCampanha;CampanhaOperador;CodCampanha
CampanhaOperador_CodCampanha;Campanha;CodEmpresa;CampanhaOperador;CodEmpresa
CampanhaPesquisa_CodCampanha;Campanha;CodEmpresa;CampanhaPesquisa;CodEmpresa
CampanhaPesquisa_CodCampanha;Campanha;CodCampanha;CampanhaPesquisa;CodCampanha
CampanhaProduto_CodCampanha;Campanha;CodCampanha;CampanhaProduto;CodCampanha
CampanhaProduto_CodCampanha;Campanha;CodEmpresa;CampanhaProduto;CodEmpresa
CampanhaPesquisaResposta_CodCampanhaPesquisa;CampanhaPesquisa;CodCampanhaPesquisa;CampanhaPesquisaResposta;CodCampanhaPesquisa
CampanhaPesquisaResposta_CodCampanhaPesquisa;CampanhaPesquisa;CodEmpresa;CampanhaPesquisaResposta;CodEmpresa
Campanha_CodCanalVenda;CanalVenda;CodCanalVenda;Campanha;CodCanalVenda
CargasSituacao_CodCarga;Cargas;CodCarga;CargasSituacao;CodCarga
CargasSituacao_CodCarga;Cargas;CodEmpresa;CargasSituacao;CodEmpresa
FK_MDFeIdentificacaoCargas_Cargas;Cargas;CodEmpresa;MDFeIdentificacaoCargas;CodEmpresaCarga
FK_MDFeIdentificacaoCargas_Cargas;Cargas;CodCarga;MDFeIdentificacaoCargas;CodCarga
aPagarDistribFinanceira_CodCentroCusto;CentroCusto;CodCentroCusto;aPagarDistribFinanceira;CodCentroCusto
FK_CentroCustoMensagemData_CentroCusto;CentroCusto;CodCentroCusto;CentroCustoMensagemData;CodCentroCusto
PedidoCompraDistribFinanceira_CodCentroCusto;CentroCusto;CodCentroCusto;PedidoCompraDistribFinanceira;CodCentroCusto
CEPBairros_CodCidade;CEPCidades;CodCidade;CEPBairros;CodCidade
CEPLogradouros_CodCidade;CEPCidades;CodCidade;CEPLogradouros;CodCidade
aPagarDistribFinanceira_CodClasse;ClasseFinanceira;CodClasse;aPagarDistribFinanceira;CodClasse
ClasseFinanceiraOrcamento_CodClasse;ClasseFinanceira;CodClasse;ClasseFinanceiraOrcamento;CodClasse
PedidoCompraDistribFinanceira_CodClasse;ClasseFinanceira;CodClasse;PedidoCompraDistribFinanceira;CodClasse
ReciboDespesaValores_CodClasse;ClasseFinanceira;CodClasse;ReciboDespesaValores;CodClasse
Atendimento_CodClassificacaoAtendimento;ClassificacaoAtendimento;CodClassificacaoAtendimento;Atendimento;CodClassificacaoAtendimento
FK_Equipamentos_ClassificacaoEquipamento;ClassificacaoEquipamento;CodClassificacaoEquipamento;Equipamentos;CodClassificacaoEquipamento
RDM_CodClassificacaoRDM;ClassificacaoRDM;CodClassificacaoRDM;RDM;CodClassificacaoRDM
FK_AcessosPortaria_Clientes;Clientes;CodCliente;AcessosPortaria;CodCliente
aPagar_CodCredor;Clientes;CodCliente;aPagar;CodCredor
aReceber_CodCliente;Clientes;CodCliente;aReceber;CodCliente
CampanhaPesquisa_CodCliente;Clientes;CodCliente;CampanhaPesquisa;CodCliente
FK_ClientesAnexos_Clientes;Clientes;CodCliente;ClientesAnexos;CodCliente
ClientesAutorizacaoVenda_CodCliente;Clientes;CodCliente;ClientesAutorizacaoVenda;CodCliente
ClientesCamposAdicionais_CodCliente;Clientes;CodCliente;ClientesCamposAdicionais;CodCliente
FK_ClientesCartaoFidelidade_Clientes;Clientes;CodCliente;ClientesCartaoFidelidade;CodCliente
FK_ClientesComissaoProduto_Clientes;Clientes;CodCliente;ClientesComissaoProduto;CodCliente
ClientesContatos_CodCliente;Clientes;CodCliente;ClientesContatos;CodCliente
ClientesCS_CodCliente;Clientes;CodCliente;ClientesCS;CodCliente
FK_ClientesDependente_Clientes;Clientes;CodCliente;ClientesDependente;CodCliente
ClientesEmpresa_CodCliente;Clientes;CodCliente;ClientesEmpresa;CodCliente
FK_ClientesEmpresaProdutoSerie_Clientes;Clientes;CodCliente;ClientesEmpresaProdutoSerie;CodCliente
ClientesEnderecosAdicionais_CodCliente;Clientes;CodCliente;ClientesEnderecosAdicionais;CodCliente
FK_ClientesGrupoEstoque_Clientes;Clientes;CodCliente;ClientesGrupoEstoque;CodCliente
ClientesHistorico_CodCliente;Clientes;CodCliente;ClientesHistorico;CodCliente
FK_ClientesHistoricoCampos_Clientes;Clientes;CodCliente;ClientesHistoricoCampos;CodCliente
ClientesMedico_CodCliente;Clientes;CodCliente;ClientesMedico;CodCliente
ClientesProdutos_CodCliente;Clientes;CodCliente;ClientesProdutos;CodCliente
FK_ClientesRastreamentoEletronico_Clientes;Clientes;CodCliente;ClientesRastreamentoEletronico;CodFornecedor
FK_ClientesRegraNegocio_Clientes;Clientes;CodCliente;ClientesRegraNegocio;CodCliente
FK_ClientesRelacionados_Clientes;Clientes;CodCliente;ClientesRelacionados;CodCliente
FK_ClientesSPC_Clientes;Clientes;CodCliente;ClientesSPC;CodCliente
ClienteVendedor_CodCliente;Clientes;CodCliente;ClienteVendedor;CodCliente
Contratos_CodCliente;Clientes;CodCliente;Contratos;CodCliente
FK_DevolucaoVenda_Clientes;Clientes;CodCliente;DevolucaoVenda;CodCliente
MovimentoEstoque_CodCliente;Clientes;CodCliente;MovimentoEstoque;CodCliente
NotaEntrada_CodCredor;Clientes;CodCliente;NotaEntrada;CodCredor
NotaSaida_CodCliente;Clientes;CodCliente;NotaSaida;CodCliente
OrdemServico_CodCliente;Clientes;CodCliente;OrdemServico;CodCliente
PedidoCompra_CodFornecedor;Clientes;CodCliente;PedidoCompra;CodFornecedor
ProcedimentoCirurgicoConvenio_CodCliente;Clientes;CodCliente;ProcedimentoCirurgicoConvenio;CodCliente
FK_ProdutosConfiguracaoCliente_Clientes;Clientes;CodCliente;ProdutosConfiguracaoCliente;CodCliente
FK_ProdutosFornecedorUnidade_Clientes;Clientes;CodCliente;ProdutosFornecedorUnidade;CodFornecedor
ProdutosTributacaoCliente_CodCliente;Clientes;CodCliente;ProdutosTributacaoCliente;CodCliente
VisitasPalm_CodCliente;Clientes;CodCliente;VisitasPalm;CodCliente
ClientesDescontoPromocionalCreditos_NumDescProm;ClientesDescontoPromocional;CodEmpresa;ClientesDescontoPromocionalCreditos;CodEmpresa
ClientesDescontoPromocionalCreditos_NumDescProm;ClientesDescontoPromocional;NumDescProm;ClientesDescontoPromocionalCreditos;NumDescProm
FK_ClientesCodContabil_ClientesEmpresa;ClientesEmpresa;CodEmpresa;ClientesCodContabil;CodEmpresa
FK_ClientesCodContabil_ClientesEmpresa;ClientesEmpresa;CodCliente;ClientesCodContabil;CodCliente
FK_ClientesTelevenda_ClientesEmpresa;ClientesEmpresa;CodCliente;ClientesTelevenda;CodCliente
FK_ClientesTelevenda_ClientesEmpresa;ClientesEmpresa;CodEmpresa;ClientesTelevenda;CodEmpresa
ClientesEnderecosAdicionaisPedagio_CodCliente;ClientesEnderecosAdicionais;CodCliente;ClientesEnderecosAdicionaisPedagio;CodCliente
ClientesEnderecosAdicionaisPedagio_CodCliente;ClientesEnderecosAdicionais;CodEndereco;ClientesEnderecosAdicionaisPedagio;CodEndereco
CNPJCNAE_CodCNAE;CNAE;CodCNAE;CNPJCNAE;CodCNAE
CobrancasAReceber_idCobranca;Cobrancas;CodEmpresa;CobrancasAReceber;CodEmpresa
CobrancasAReceber_idCobranca;Cobrancas;idCobranca;CobrancasAReceber;idCobranca
CobrancasChequesRecebidos_idCobranca;Cobrancas;idCobranca;CobrancasChequesRecebidos;idCobranca
CobrancasChequesRecebidos_idCobranca;Cobrancas;CodEmpresa;CobrancasChequesRecebidos;CodEmpresa
ComandaMesa_NumComanda;Comanda;CodEmpresa;ComandaMesa;CodEmpresa
ComandaMesa_NumComanda;Comanda;NumComanda;ComandaMesa;NumComanda
ComandaPagamento_NumComanda;Comanda;NumComanda;ComandaPagamento;NumComanda
ComandaPagamento_NumComanda;Comanda;CodEmpresa;ComandaPagamento;CodEmpresa
ComandaProduto_NumComanda;Comanda;CodEmpresa;ComandaProduto;CodEmpresa
ComandaProduto_NumComanda;Comanda;NumComanda;ComandaProduto;NumComanda
ComandaPagamentoProduto_NumComanda;ComandaProduto;OrdemPedido;ComandaPagamentoProduto;OrdemPedido
ComandaPagamentoProduto_NumComanda;ComandaProduto;CodEmpresa;ComandaPagamentoProduto;CodEmpresa
ComandaPagamentoProduto_NumComanda;ComandaProduto;NumComanda;ComandaPagamentoProduto;NumComanda
ComandaTransferencia_NumComanda;ComandaProduto;OrdemPedido;ComandaTransferencia;OrdemPedido
ComandaTransferencia_NumComanda;ComandaProduto;NumComanda;ComandaTransferencia;NumComanda
ComandaTransferencia_NumComanda;ComandaProduto;CodEmpresa;ComandaTransferencia;CodEmpresa
RDMAlteracaoProduto_CodComponenteProduto;ComponenteProduto;CodComponenteProduto;RDMAlteracaoProduto;CodComponenteProduto
ClientesEnderecosAdicionaisPedagio_CodConcessionaria;ConcessionariaPedagio;CodConcessionaria;ClientesEnderecosAdicionaisPedagio;CodConcessionaria
Pedagio_CodConcessionaria;ConcessionariaPedagio;CodConcessionaria;Pedagio;CodConcessionaria
CondicaoPagamentoDesconto_CodCondicao;CondicaoPagamento;CodCondicao;CondicaoPagamentoDesconto;CodCondicao
FK_CondicaoPagamentoEmpresa_CondicaoPagamento;CondicaoPagamento;CodCondicao;CondicaoPagamentoEmpresa;CodCondicao
FK_CondicaoPagamentoParcelas_CondicaoPagamento;CondicaoPagamento;CodCondicao;CondicaoPagamentoParcelas;CodCondicao
FK_CondicaoPagamentoSerie_CondicaoPagamento;CondicaoPagamento;CodCondicao;CondicaoPagamentoSerie;CodCondicao
CondicaoPagamentoVendedores_CodCondicao;CondicaoPagamento;CodCondicao;CondicaoPagamentoVendedores;CodCondicao
NotaSaida_CodCondicao;CondicaoPagamento;CodCondicao;NotaSaida;CodCondicao
FK_ProdutosComissaoCondicao_CondicaoPagamento;CondicaoPagamento;CodCondicao;ProdutosComissaoCondicao;CodCondicao
FK_ConferenciaPedidoCompraProdutos_ConferenciaPedidoCompra;ConferenciaPedidoCompra;CodConferencia;ConferenciaPedidoCompraProdutos;CodConferencia
FK_ConferenciaPedidoCompraProdutos_ConferenciaPedidoCompra;ConferenciaPedidoCompra;CodEmpresa;ConferenciaPedidoCompraProdutos;CodEmpresa
FK_ContagemFisicaChassi_ContagemFisica;ContagemFisica;Controle;ContagemFisicaChassi;Controle
FK_ContagemFisicaChassi_ContagemFisica;ContagemFisica;CodEmpresa;ContagemFisicaChassi;CodEmpresa
FK_ContagemFisicaGrade_ContagemFisica;ContagemFisica;CodEmpresa;ContagemFisicaGrade;CodEmpresa
FK_ContagemFisicaGrade_ContagemFisica;ContagemFisica;Controle;ContagemFisicaGrade;Controle
ContagemFisicaLote_Controle;ContagemFisica;Controle;ContagemFisicaLote;Controle
ContagemFisicaLote_Controle;ContagemFisica;CodEmpresa;ContagemFisicaLote;CodEmpresa
ContratosAnexos_CodContrato;Contratos;CodEmpresa;ContratosAnexos;CodEmpresa
ContratosAnexos_CodContrato;Contratos;CodContrato;ContratosAnexos;CodContrato
ContratosANS_CodContrato;Contratos;CodEmpresa;ContratosANS;CodEmpresa
ContratosANS_CodContrato;Contratos;CodContrato;ContratosANS;CodContrato
ContratosClientes_CodContrato;Contratos;CodEmpresa;ContratosClientes;CodEmpresa
ContratosClientes_CodContrato;Contratos;CodContrato;ContratosClientes;CodContrato
ContratosImoveis_CodContrato;Contratos;CodContrato;ContratosImoveis;CodContrato
ContratosImoveis_CodContrato;Contratos;CodEmpresa;ContratosImoveis;CodEmpresa
ContratosPagamentos_CodContrato;Contratos;CodEmpresa;ContratosPagamentos;CodEmpresa
ContratosPagamentos_CodContrato;Contratos;CodContrato;ContratosPagamentos;CodContrato
ContratosProdutos_CodContrato;Contratos;CodContrato;ContratosProdutos;CodContrato
ContratosProdutos_CodContrato;Contratos;CodEmpresa;ContratosProdutos;CodEmpresa
ContratosTransferencias_CodContrato;Contratos;CodEmpresa;ContratosTransferencias;CodEmpresa
ContratosTransferencias_CodContrato;Contratos;CodContrato;ContratosTransferencias;CodContrato
ControleEntregaAbastecimento_CodEntrega;ControleEntrega;CodEmpresa;ControleEntregaAbastecimento;CodEmpresa
ControleEntregaAbastecimento_CodEntrega;ControleEntrega;CodEntrega;ControleEntregaAbastecimento;CodEntrega
FK_ControleEntregaAnexos_ControleEntregaAnexos;ControleEntrega;CodEntrega;ControleEntregaAnexos;CodEntrega
FK_ControleEntregaAnexos_ControleEntregaAnexos;ControleEntrega;CodEmpresa;ControleEntregaAnexos;CodEmpresa
ControleEntregaCargas_CodEntrega;ControleEntrega;CodEmpresa;ControleEntregaCargas;CodEmpresa
ControleEntregaCargas_CodEntrega;ControleEntrega;CodEntrega;ControleEntregaCargas;CodEntrega
FK_ControleEntregaColeta_ControleEntrega;ControleEntrega;CodEntrega;ControleEntregaColeta;CodEntrega
FK_ControleEntregaColeta_ControleEntrega;ControleEntrega;CodEmpresa;ControleEntregaColeta;CodEmpresa
ControleEntregaDespesas_CodEntrega;ControleEntrega;CodEntrega;ControleEntregaDespesas;CodEntrega
ControleEntregaDespesas_CodEntrega;ControleEntrega;CodEmpresa;ControleEntregaDespesas;CodEmpresa
FK_ControleEntregaDevolucao_ControleEntregaDevolucao;ControleEntrega;CodEntrega;ControleEntregaDevolucao;CodEntrega
FK_ControleEntregaDevolucao_ControleEntregaDevolucao;ControleEntrega;CodEmpresa;ControleEntregaDevolucao;CodEmpresa
FK_ControleEntregaPalete_ControleEntrega;ControleEntrega;CodEmpresa;ControleEntregaPalete;CodEmpresa
FK_ControleEntregaPalete_ControleEntrega;ControleEntrega;CodEntrega;ControleEntregaPalete;CodEntrega
ControleEntregaPessoal_CodEntrega;ControleEntrega;CodEmpresa;ControleEntregaPessoal;CodEmpresa
ControleEntregaPessoal_CodEntrega;ControleEntrega;CodEntrega;ControleEntregaPessoal;CodEntrega
FK_ControleEntregaProdutos_ControleEntrega;ControleEntrega;CodEntrega;ControleEntregaProdutos;CodEntrega
FK_ControleEntregaProdutos_ControleEntrega;ControleEntrega;CodEmpresa;ControleEntregaProdutos;CodEmpresa
FK_ControleEntregaPaleteComposicao_ControleEntregaPalete;ControleEntregaPalete;CodEmpresa;ControleEntregaPaleteComposicao;CodEmpresa
FK_ControleEntregaPaleteComposicao_ControleEntregaPalete;ControleEntregaPalete;CodEntrega;ControleEntregaPaleteComposicao;CodEntrega
FK_ControleEntregaPaleteComposicao_ControleEntregaPalete;ControleEntregaPalete;CodTipoPalete;ControleEntregaPaleteComposicao;CodTipoPalete
FK_ControleEntregaPaleteComposicao_ControleEntregaPalete;ControleEntregaPalete;OrdemItem;ControleEntregaPaleteComposicao;OrdemItem
FK_ControleEntregaPaleteComposicao_ControleEntregaPalete;ControleEntregaPalete;TipoMovimento;ControleEntregaPaleteComposicao;TipoMovimento
FK_CorreiosConfiguracaoServicos_CorreiosConfiguracao;CorreiosConfiguracao;CodConfiguracao;CorreiosConfiguracaoServicos;CodConfiguracao
FK_CorreiosRemessa_CorreiosConfiguracao;CorreiosConfiguracao;CodConfiguracao;CorreiosRemessa;CodConfiguracao
FK_CorreiosRemessaNotaSaida_CorreiosRemessa;CorreiosRemessa;CodConfiguracao;CorreiosRemessaNotaSaida;CodConfiguracao
FK_CorreiosRemessaNotaSaida_CorreiosRemessa;CorreiosRemessa;CodRemessa;CorreiosRemessaNotaSaida;CodRemessa
CQSRegistrosAtendimento_NumRegistroCQS;CQSRegistros;NumRegistroCQS;CQSRegistrosAtendimento;NumRegistroCQS
CQSRegistrosRDM_NumRegistroCQS;CQSRegistros;NumRegistroCQS;CQSRegistrosRDM;NumRegistroCQS
CQSRegistros_CodTipoRegistro;CQSTipoRegistro;CodTipoRegistro;CQSRegistros;CodTipoRegistro
FK_CTeDestinadoEventos_CTeDestinado;CTeDestinado;ChaveAcessoCTe;CTeDestinadoEventos;ChaveAcessoCTe
CTeCartaCorrecao_CTeEvento;CTeEventos;ChaveAcessoCTe;CTeCartaCorrecao;ChaveAcessoCTe
CTeCartaCorrecao_CTeEvento;CTeEventos;CodEmpresa;CTeCartaCorrecao;CodEmpresa
CTeCartaCorrecao_CTeEvento;CTeEventos;CTeEvento;CTeCartaCorrecao;CTeEvento
CTeCartaCorrecao_CTeEvento;CTeEventos;Sequencial;CTeCartaCorrecao;Sequencial
FK_CTeIBS_CBS_CTeIdentificacao;CTeIdentificacao;ChaveAcessoCte;CTeIBS_CBS;ChaveAcessoCte
FK_CTeIBS_CBS_CTeIdentificacao;CTeIdentificacao;CodEmpresa;CTeIBS_CBS;CodEmpresa
CTePISCOFINS_ChaveAcessoCTe;CTeIdentificacao;CodEmpresa;CTePISCOFINS;CodEmpresa
CTePISCOFINS_ChaveAcessoCTe;CTeIdentificacao;ChaveAcessoCte;CTePISCOFINS;ChaveAcessoCte
FK_DevolucaoVendaProdutos_DevolucaoVenda;DevolucaoVenda;CodEmpresa;DevolucaoVendaProdutos;CodEmpresa
FK_DevolucaoVendaProdutos_DevolucaoVenda;DevolucaoVenda;NumDevolucao;DevolucaoVendaProdutos;NumDevolucao
FK_DevolucaoVendaProdutos_DevolucaoVenda;DevolucaoVenda;Numero;DevolucaoVendaProdutos;Numero
FK_EmailEnviarAnexo_EmailEnviar;EmailEnviar;NumRegistro;EmailEnviarAnexo;NumRegistroEmailEnviar
aPagar_CodEmpresa;Empresas;CodEmpresa;aPagar;CodEmpresa
aReceber_CodEmpresa;Empresas;CodEmpresa;aReceber;CodEmpresa
ClienteVendedor_CodEmpresa;Empresas;CodEmpresa;ClienteVendedor;CodEmpresa
ContagemFisica_CodEmpresa;Empresas;CodEmpresa;ContagemFisica;CodEmpresa
FK_EmpresasAutorizadoDownload_Empresas;Empresas;CodEmpresa;EmpresasAutorizadoDownload;CodEmpresa
FK_EmpresasConfiguracaoLogin_Empresas;Empresas;CodEmpresa;EmpresasConfiguracaoLogin;CodEmpresa
EmpresasConfiguracaoVariavel_CodEmpresa;Empresas;CodEmpresa;EmpresasConfiguracaoVariavel;CodEmpresa
EmpresasCS_CodEmpresa;Empresas;CodEmpresa;EmpresasCS;CodEmpresa
EmpresasFilial_CodEmpresa;Empresas;CodEmpresa;EmpresasFilial;CodEmpresa
EmpresasInscricaoEstado_CodEmpresa;Empresas;CodEmpresa;EmpresasInscricaoEstado;CodEmpresa
FK_EmpresasLocalRetirada_Empresas;Empresas;CodEmpresa;EmpresasLocalRetirada;CodEmpresa
EmpresasMedicamento_CodEmpresa;Empresas;CodEmpresa;EmpresasMedicamento;CodEmpresa
Mapao_CodEmpresa;Empresas;CodEmpresa;Mapao;CodEmpresa
MapaoSaldoRegiao_CodEmpresa;Empresas;CodEmpresa;MapaoSaldoRegiao;CodEmpresa
NotaEntrada_CodEmpresa;Empresas;CodEmpresa;NotaEntrada;CodEmpresa
Obras_CodEmpresa;Empresas;CodEmpresa;Obras;CodEmpresa
ProdutosEstoque_CodEmpresa;Empresas;CodEmpresa;ProdutosEstoque;CodEmpresa
SerieNotaFiscal_CodEmpresa;Empresas;CodEmpresa;SerieNotaFiscal;CodEmpresa
FK_SituacaoPedidoCliente_Empresas;Empresas;CodEmpresa;SituacaoPedidoCliente;CodEmpresa
FK_EquipamentosAnexos_Equipamentos;Equipamentos;IDEquipamento;EquipamentosAnexos;IDEquipamento
EquipamentosContador_IDEquipamento;Equipamentos;IDEquipamento;EquipamentosContador;IDEquipamento
EquipamentosPneus_IDEquipamento;Equipamentos;IDEquipamento;EquipamentosPneus;IDEquipamento
PlanilhaManutencao_IDEquipamento;Equipamentos;IDEquipamento;PlanilhaManutencao;IDEquipamento
ClientesMedico_CodEspecialidadeMedica;EspecialidadeMedica;CodEspecialidadeMedica;ClientesMedico;CodEspecialidadeMedica
FK_FiltroFormControles_FiltroForm;FiltroForm;CodUsuario;FiltroFormControles;CodUsuario
FK_FiltroFormControles_FiltroForm;FiltroForm;NomeFiltro;FiltroFormControles;NomeFiltro
FK_FiltroFormControles_FiltroForm;FiltroForm;NomeForm;FiltroFormControles;NomeForm
FK_PDVCaixaFormaPagamento_FormaPagamento;FormaPagamento;CodFormaPagamento;PDVCaixaFormaPagamento;CodFormaPagamento
FK_ProducaoFuncionario_FuncaoFuncionario;FuncaoFuncionario;CodFuncaoFuncionario;ProducaoFuncionario;CodFuncaoFuncionario
FuncaoPessoalAcesso_CodFuncao;FuncaoPessoal;CodFuncao;FuncaoPessoalAcesso;CodFuncao
MenuEstruturaFuncaoPessoal_CodFuncao;FuncaoPessoal;CodFuncao;MenuEstruturaFuncaoPessoal;CodFuncao
Pessoal_CodFuncao;FuncaoPessoal;CodFuncao;Pessoal;CodFuncao
WMSOperacaoFuncaoPessoal_CodFuncao;FuncaoPessoal;CodFuncao;WMSOperacaoFuncaoPessoal;CodFuncao
WMSTipoOSFuncaoPessoal_CodFuncao;FuncaoPessoal;CodFuncao;WMSTipoOSFuncaoPessoal;CodFuncao
Produtos_CodGeneroItem;GeneroItem;CodGeneroItem;Produtos;CodGeneroItem
GNRENotaEntrada_MesAnoReferencia;GNRE;CodEmpresa;GNRENotaEntrada;CodEmpresa
GNRENotaEntrada_MesAnoReferencia;GNRE;DataVencimentoICMS;GNRENotaEntrada;DataVencimentoICMS
GNRENotaEntrada_MesAnoReferencia;GNRE;MesAnoReferencia;GNRENotaEntrada;MesAnoReferencia
GNRENotaEntrada_MesAnoReferencia;GNRE;NumeroGNRE;GNRENotaEntrada;NumeroGNRE
GNRENotaEntrada_MesAnoReferencia;GNRE;UFFavorecido;GNRENotaEntrada;UFFavorecido
GNRENotaEntrada_MesAnoReferencia;GNRE;UFSubstituto;GNRENotaEntrada;UFSubstituto
FK_GrupoEstoqueSeriePedido_GrupoEstoque;GrupoEstoque;CodGrupo;GrupoEstoqueSeriePedido;CodGrupo
FK_Produtos_GrupoEstoque;GrupoEstoque;CodGrupo;Produtos;CodGrupo
LancamentosNM_CodGrupoNM;GrupoNM;CodGrupoNM;LancamentosNM;CodGrupoNM
GrupoUsuarioMembros_idGrupoUsuario;GrupoUsuario;idGrupoUsuario;GrupoUsuarioMembros;idGrupoUsuario
MarcacaoPonto_idHorario;HorarioTrabalho;idHorario;MarcacaoPonto;idHorario
QuadroHorarioPessoal_idHorario;HorarioTrabalho;idHorario;QuadroHorarioPessoal;idHorario
QuadroHorarioSetor_idHorario;HorarioTrabalho;idHorario;QuadroHorarioSetor;idHorario
ContratosImoveis_IDImovel;Imoveis;IDImovel;ContratosImoveis;IDImovel
Contratos_CodIndiceFinanceiro;IndiceFinanceiro;CodIndiceFinanceiro;Contratos;CodIndiceFinanceiro
IndiceFinanceiroValores_CodIndiceFinanceiro;IndiceFinanceiro;CodIndiceFinanceiro;IndiceFinanceiroValores;CodIndiceFinanceiro
FK_IntegradorTabelaCampos_IntegradorTabela;IntegradorTabela;NomeTabela;IntegradorTabelaCampos;NomeTabela
LigacaoTelefonicaAtendimento_NumLigacao;LigacaoTelefonica;NumLigacao;LigacaoTelefonicaAtendimento;NumLigacao
Equipamentos_CodLocalEquipamento;LocalEquipamento;CodLocalEquipamento;Equipamentos;CodLocalEquipamento
NotaSaidaLoteNFSe_NumLote;LoteNFSe;CodEmpresa;NotaSaidaLoteNFSe;CodEmpresa
NotaSaidaLoteNFSe_NumLote;LoteNFSe;NumLote;NotaSaidaLoteNFSe;NumLote
FK_ProdutosMarcas_MarcaProduto;MarcaProduto;CodMarcaProduto;ProdutosMarcas;CodMarcaProduto
MarketingRelacionamentoAnexos_NumVenda;MarketingRelacionamento;CodEmpresa;MarketingRelacionamentoAnexos;CodEmpresa
MarketingRelacionamentoAnexos_NumVenda;MarketingRelacionamento;NumRegistro;MarketingRelacionamentoAnexos;NumRegistro
MarketingRelacionamentoAnexos_NumVenda;MarketingRelacionamento;NumVenda;MarketingRelacionamentoAnexos;NumVenda
MarketingContatos_NumVenda;MarketingVendas;NumVenda;MarketingContatos;NumVenda
MarketingContatos_NumVenda;MarketingVendas;CodEmpresa;MarketingContatos;CodEmpresa
MarketingProdutos_NumVenda;MarketingVendas;CodEmpresa;MarketingProdutos;CodEmpresa
MarketingProdutos_NumVenda;MarketingVendas;NumVenda;MarketingProdutos;NumVenda
MarketingRelacionamento_NumVenda;MarketingVendas;NumVenda;MarketingRelacionamento;NumVenda
MarketingRelacionamento_NumVenda;MarketingVendas;CodEmpresa;MarketingRelacionamento;CodEmpresa
FK_MDFeCondutor_MDFeCondutor;MDFeCondutor;CodEmpresa;MDFeCondutor;CodEmpresa
FK_MDFeCondutor_MDFeCondutor;MDFeCondutor;CPF;MDFeCondutor;CPF
FK_MDFeCondutor_MDFeCondutor;MDFeCondutor;Numero;MDFeCondutor;Numero
FK_MDFeCondutor_MDFeCondutor;MDFeCondutor;Serie;MDFeCondutor;Serie
MDFeAutorizacaoDownload_Numero;MDFeIdentificacao;Serie;MDFeAutorizacaoDownload;Serie
MDFeAutorizacaoDownload_Numero;MDFeIdentificacao;CodEmpresa;MDFeAutorizacaoDownload;CodEmpresa
MDFeAutorizacaoDownload_Numero;MDFeIdentificacao;Numero;MDFeAutorizacaoDownload;Numero
MDFeCarregamento_Numero;MDFeIdentificacao;Numero;MDFeCarregamento;Numero
MDFeCarregamento_Numero;MDFeIdentificacao;CodEmpresa;MDFeCarregamento;CodEmpresa
MDFeCarregamento_Numero;MDFeIdentificacao;Serie;MDFeCarregamento;Serie
FK_MDFeContratante_MDFeIdentificacao;MDFeIdentificacao;Serie;MDFeContratante;Serie
FK_MDFeContratante_MDFeIdentificacao;MDFeIdentificacao;Numero;MDFeContratante;Numero
FK_MDFeContratante_MDFeIdentificacao;MDFeIdentificacao;CodEmpresa;MDFeContratante;CodEmpresa
MDFeDocumentos_Numero;MDFeIdentificacao;Numero;MDFeDocumentos;Numero
MDFeDocumentos_Numero;MDFeIdentificacao;CodEmpresa;MDFeDocumentos;CodEmpresa
MDFeDocumentos_Numero;MDFeIdentificacao;Serie;MDFeDocumentos;Serie
FK_MDFeEventos_MDFeIdentificacao;MDFeIdentificacao;Serie;MDFeEventos;Serie
FK_MDFeEventos_MDFeIdentificacao;MDFeIdentificacao;Numero;MDFeEventos;Numero
FK_MDFeEventos_MDFeIdentificacao;MDFeIdentificacao;CodEmpresa;MDFeEventos;CodEmpresa
FK_MDFeIdentificacaoCargas_MDFeIdentificacao;MDFeIdentificacao;CodEmpresa;MDFeIdentificacaoCargas;CodEmpresa
FK_MDFeIdentificacaoCargas_MDFeIdentificacao;MDFeIdentificacao;Numero;MDFeIdentificacaoCargas;Numero
FK_MDFeIdentificacaoCargas_MDFeIdentificacao;MDFeIdentificacao;Serie;MDFeIdentificacaoCargas;Serie
MDFeLacres_Numero;MDFeIdentificacao;Serie;MDFeLacres;Serie
MDFeLacres_Numero;MDFeIdentificacao;CodEmpresa;MDFeLacres;CodEmpresa
MDFeLacres_Numero;MDFeIdentificacao;Numero;MDFeLacres;Numero
FK_MDFeModalRodoviario_MDFeIdentificacao;MDFeIdentificacao;Numero;MDFeModalRodoviario;Numero
FK_MDFeModalRodoviario_MDFeIdentificacao;MDFeIdentificacao;CodEmpresa;MDFeModalRodoviario;CodEmpresa
FK_MDFeModalRodoviario_MDFeIdentificacao;MDFeIdentificacao;Serie;MDFeModalRodoviario;Serie
FK_MDFePagamento_MDFeIdentificacao;MDFeIdentificacao;Serie;MDFePagamento;Serie
FK_MDFePagamento_MDFeIdentificacao;MDFeIdentificacao;Numero;MDFePagamento;Numero
FK_MDFePagamento_MDFeIdentificacao;MDFeIdentificacao;CodEmpresa;MDFePagamento;CodEmpresa
MDFePagamentoComponente_Numero;MDFeIdentificacao;Numero;MDFePagamentoComponente;Numero
MDFePagamentoComponente_Numero;MDFeIdentificacao;CodEmpresa;MDFePagamentoComponente;CodEmpresa
MDFePagamentoComponente_Numero;MDFeIdentificacao;Serie;MDFePagamentoComponente;Serie
MDFePagamentoPrazo_Numero;MDFeIdentificacao;Serie;MDFePagamentoPrazo;Serie
MDFePagamentoPrazo_Numero;MDFeIdentificacao;CodEmpresa;MDFePagamentoPrazo;CodEmpresa
MDFePagamentoPrazo_Numero;MDFeIdentificacao;Numero;MDFePagamentoPrazo;Numero
FK_MDFePamCardViagem_MDFeIdentificacao;MDFeIdentificacao;Numero;MDFePamCardViagem;Numero
FK_MDFePamCardViagem_MDFeIdentificacao;MDFeIdentificacao;CodEmpresa;MDFePamCardViagem;CodEmpresa
FK_MDFePamCardViagem_MDFeIdentificacao;MDFeIdentificacao;Serie;MDFePamCardViagem;Serie
MDFePercurso_Numero;MDFeIdentificacao;Serie;MDFePercurso;Serie
MDFePercurso_Numero;MDFeIdentificacao;CodEmpresa;MDFePercurso;CodEmpresa
MDFePercurso_Numero;MDFeIdentificacao;Numero;MDFePercurso;Numero
MDFeValePedagio_Numero;MDFeIdentificacao;Numero;MDFeValePedagio;Numero
MDFeValePedagio_Numero;MDFeIdentificacao;CodEmpresa;MDFeValePedagio;CodEmpresa
MDFeValePedagio_Numero;MDFeIdentificacao;Serie;MDFeValePedagio;Serie
FK_MDFePamCardViagem_MDFePamCardRota;MDFePamCardRota;idRota;MDFePamCardViagem;idRota
ComandaMesa_CodMesa;Mesas;CodEmpresa;ComandaMesa;CodEmpresa
ComandaMesa_CodMesa;Mesas;CodMesa;ComandaMesa;CodMesa
FK_ProdutosModelos_ModeloProduto;ModeloProduto;CodModeloProduto;ProdutosModelos;CodModeloProduto
MoedasCotacao_SiglaMoeda;Moedas;SiglaMoeda;MoedasCotacao;SiglaMoeda
FK_DevolucaoVenda_MotivoDevolucao;MotivoDevolucao;CodMotivoDevolucao;DevolucaoVenda;CodMotivoDevolucao
RDMTesteReprovacao_CodMotivoReprovacao;MotivoReprovacao;CodMotivoReprovacao;RDMTesteReprovacao;CodMotivoReprovacao
FKMovimentoEstoque_NumRegistro;MovimentoEstoque;NumRegistro;MovimentoEstoqueDevolucao;NumRegistro
MovimentoEstoque_CodFiscal;NaturezaOperacao;CodFiscal;MovimentoEstoque;CodFiscal
FK_NaturezaOperacaoEmpresa_NaturezaOperacao;NaturezaOperacao;CodFiscal;NaturezaOperacaoEmpresa;CodFiscal
FK_NaturezaOperacaoSerieDocumento_NaturezaOperacao;NaturezaOperacao;CodFiscal;NaturezaOperacaoSerieDocumento;CodFiscal
NotaEntrada_CodFiscal;NaturezaOperacao;CodFiscal;NotaEntrada;CodFiscal
FK_NotaEntradaAdicionais_NotaEntrada;NotaEntrada;CodEmpresa;NotaEntradaAdicionais;CodEmpresa
FK_NotaEntradaAdicionais_NotaEntrada;NotaEntrada;Numero;NotaEntradaAdicionais;Numero
FK_NotaEntradaAdicionais_NotaEntrada;NotaEntrada;CodCredor;NotaEntradaAdicionais;CodCredor
NotaEntradaAdicionaisNFe_Numero;NotaEntrada;Numero;NotaEntradaAdicionaisNFe;Numero
NotaEntradaAdicionaisNFe_Numero;NotaEntrada;CodEmpresa;NotaEntradaAdicionaisNFe;CodEmpresa
NotaEntradaAdicionaisNFe_Numero;NotaEntrada;CodCredor;NotaEntradaAdicionaisNFe;CodCredor
FK_NotaEntradaAjusteICMS_NotaEntrada;NotaEntrada;CodCredor;NotaEntradaAjusteICMS;CodCredor
FK_NotaEntradaAjusteICMS_NotaEntrada;NotaEntrada;Numero;NotaEntradaAjusteICMS;Numero
FK_NotaEntradaAjusteICMS_NotaEntrada;NotaEntrada;CodEmpresa;NotaEntradaAjusteICMS;CodEmpresa
FK_NotaEntradaAjustes_NotaEntrada;NotaEntrada;Numero;NotaEntradaAjustes;Numero
FK_NotaEntradaAjustes_NotaEntrada;NotaEntrada;CodEmpresa;NotaEntradaAjustes;CodEmpresa
FK_NotaEntradaAjustes_NotaEntrada;NotaEntrada;CodCredor;NotaEntradaAjustes;CodCredor
FK_NotaEntradaAnotacao_NotaEntrada;NotaEntrada;CodCredor;NotaEntradaAnotacao;CodCredor
FK_NotaEntradaAnotacao_NotaEntrada;NotaEntrada;CodEmpresa;NotaEntradaAnotacao;CodEmpresa
FK_NotaEntradaAnotacao_NotaEntrada;NotaEntrada;Numero;NotaEntradaAnotacao;Numero
NotaEntradaCartaCorrecao_Numero;NotaEntrada;Numero;NotaEntradaCartaCorrecao;Numero
NotaEntradaCartaCorrecao_Numero;NotaEntrada;CodEmpresa;NotaEntradaCartaCorrecao;CodEmpresa
NotaEntradaCartaCorrecao_Numero;NotaEntrada;CodCredor;NotaEntradaCartaCorrecao;CodCredor
FK_NotaEntradaCustoAnterior_NotaEntrada;NotaEntrada;CodCredor;NotaEntradaCustoAnterior;CodCredor
FK_NotaEntradaCustoAnterior_NotaEntrada;NotaEntrada;CodEmpresa;NotaEntradaCustoAnterior;CodEmpresa
FK_NotaEntradaCustoAnterior_NotaEntrada;NotaEntrada;Numero;NotaEntradaCustoAnterior;Numero
FK_NotaEntradaDistribFinanceira_NotaEntrada;NotaEntrada;Numero;NotaEntradaDistribFinanceira;Numero
FK_NotaEntradaDistribFinanceira_NotaEntrada;NotaEntrada;CodEmpresa;NotaEntradaDistribFinanceira;CodEmpresa
FK_NotaEntradaDistribFinanceira_NotaEntrada;NotaEntrada;CodCredor;NotaEntradaDistribFinanceira;CodCredor
NotaEntradaImportacao_Numero;NotaEntrada;CodCredor;NotaEntradaImportacao;CodCredor
NotaEntradaImportacao_Numero;NotaEntrada;CodEmpresa;NotaEntradaImportacao;CodEmpresa
NotaEntradaImportacao_Numero;NotaEntrada;Numero;NotaEntradaImportacao;Numero
FK_NotaEntradaImportacaoPISCOFINS_NotaEntrada;NotaEntrada;Numero;NotaEntradaImportacaoPISCOFINS;Numero
FK_NotaEntradaImportacaoPISCOFINS_NotaEntrada;NotaEntrada;CodEmpresa;NotaEntradaImportacaoPISCOFINS;CodEmpresa
FK_NotaEntradaImportacaoPISCOFINS_NotaEntrada;NotaEntrada;CodCredor;NotaEntradaImportacaoPISCOFINS;CodCredor
NotaEntradaOutrosImpostos_Numero;NotaEntrada;CodEmpresa;NotaEntradaOutrosImpostos;CodEmpresa
NotaEntradaOutrosImpostos_Numero;NotaEntrada;Numero;NotaEntradaOutrosImpostos;Numero
NotaEntradaOutrosImpostos_Numero;NotaEntrada;CodCredor;NotaEntradaOutrosImpostos;CodCredor
FK_NotaEntradaPisCofins_NotaEntrada;NotaEntrada;Numero;NotaEntradaPisCofins;Numero
FK_NotaEntradaPisCofins_NotaEntrada;NotaEntrada;CodCredor;NotaEntradaPisCofins;CodCredor
FK_NotaEntradaPisCofins_NotaEntrada;NotaEntrada;CodEmpresa;NotaEntradaPisCofins;CodEmpresa
NotaEntradaProdutor_Numero;NotaEntrada;CodEmpresa;NotaEntradaProdutor;CodEmpresa
NotaEntradaProdutor_Numero;NotaEntrada;Numero;NotaEntradaProdutor;Numero
NotaEntradaProdutor_Numero;NotaEntrada;CodCredor;NotaEntradaProdutor;CodCredor
NotaEntradaRegiao_Numero;NotaEntrada;CodCredor;NotaEntradaRegiao;CodCredor
NotaEntradaRegiao_Numero;NotaEntrada;Numero;NotaEntradaRegiao;Numero
NotaEntradaRegiao_Numero;NotaEntrada;CodEmpresa;NotaEntradaRegiao;CodEmpresa
FK_NotaEntradaTransportador_NotaEntrada;NotaEntrada;CodEmpresa;NotaEntradaTransportador;CodEmpresa
FK_NotaEntradaTransportador_NotaEntrada;NotaEntrada;Numero;NotaEntradaTransportador;Numero
FK_NotaEntradaTransportador_NotaEntrada;NotaEntrada;CodCredor;NotaEntradaTransportador;CodCredor
FK_NotaSaidaAdicionais_NotaSaida;NotaSaida;Numero;NotaSaidaAdicionais;Numero
FK_NotaSaidaAdicionais_NotaSaida;NotaSaida;CodEmpresa;NotaSaidaAdicionais;CodEmpresa
NotaSaidaAdicionaisNFe_Numero;NotaSaida;CodEmpresa;NotaSaidaAdicionaisNFe;CodEmpresa
NotaSaidaAdicionaisNFe_Numero;NotaSaida;Numero;NotaSaidaAdicionaisNFe;Numero
FK_NotaSaidaAjusteICMS_NotaSaida;NotaSaida;Numero;NotaSaidaAjusteICMS;Numero
FK_NotaSaidaAjusteICMS_NotaSaida;NotaSaida;CodEmpresa;NotaSaidaAjusteICMS;CodEmpresa
FK_NotaSaidaAjustes_NotaSaida;NotaSaida;CodEmpresa;NotaSaidaAjustes;CodEmpresa
FK_NotaSaidaAjustes_NotaSaida;NotaSaida;Numero;NotaSaidaAjustes;Numero
NotaSaidaCartaCorrecao_Numero;NotaSaida;CodEmpresa;NotaSaidaCartaCorrecao;CodEmpresa
NotaSaidaCartaCorrecao_Numero;NotaSaida;Numero;NotaSaidaCartaCorrecao;Numero
NotaSaidaCondicaoPagamento_Numero;NotaSaida;Numero;NotaSaidaCondicaoPagamento;Numero
NotaSaidaCondicaoPagamento_Numero;NotaSaida;CodEmpresa;NotaSaidaCondicaoPagamento;CodEmpresa
FK_NotaSaidaCOPEN_NotaSaida;NotaSaida;Numero;NotaSaidaCOPEN;Numero
FK_NotaSaidaCOPEN_NotaSaida;NotaSaida;CodEmpresa;NotaSaidaCOPEN;CodEmpresa
FK_NotaSaidaCRMBonus_NotaSaida;NotaSaida;Numero;NotaSaidaCRMBonus;Numero
FK_NotaSaidaCRMBonus_NotaSaida;NotaSaida;CodEmpresa;NotaSaidaCRMBonus;CodEmpresa
FK_NotaSaidaCTe_NotaSaida;NotaSaida;CodEmpresa;NotaSaidaCTe;CodEmpresaNotaSaida
FK_NotaSaidaCTe_NotaSaida;NotaSaida;Numero;NotaSaidaCTe;Numero
FK_NotaSaidaCTR_NotaSaida;NotaSaida;CodEmpresa;NotaSaidaCTR;CodEmpresa
FK_NotaSaidaCTR_NotaSaida;NotaSaida;Numero;NotaSaidaCTR;Numero
FK_NotaSaidaDistribFinanceira_NotaSaida;NotaSaida;CodEmpresa;NotaSaidaDistribFinanceira;CodEmpresa
FK_NotaSaidaDistribFinanceira_NotaSaida;NotaSaida;Numero;NotaSaidaDistribFinanceira;Numero
FK_NotaSaidaEmbalagem_NotaSaida;NotaSaida;Numero;NotaSaidaEmbalagem;Numero
FK_NotaSaidaEmbalagem_NotaSaida;NotaSaida;CodEmpresa;NotaSaidaEmbalagem;CodEmpresa
FK_NotaSaidaEntrega_NotaSaida;NotaSaida;CodEmpresa;NotaSaidaEntrega;CodEmpresa
FK_NotaSaidaEntrega_NotaSaida;NotaSaida;Numero;NotaSaidaEntrega;Numero
FK_NotaSaidaExportacao_NotaSaida;NotaSaida;Numero;NotaSaidaExportacao;Numero
FK_NotaSaidaExportacao_NotaSaida;NotaSaida;CodEmpresa;NotaSaidaExportacao;CodEmpresa
NotaSaidaImportacao_Numero;NotaSaida;CodEmpresa;NotaSaidaImportacao;CodEmpresa
NotaSaidaImportacao_Numero;NotaSaida;Numero;NotaSaidaImportacao;Numero
FK_NotaSaidaImportacaoPISCOFINS_NotaSaida;NotaSaida;Numero;NotaSaidaImportacaoPISCOFINS;Numero
FK_NotaSaidaImportacaoPISCOFINS_NotaSaida;NotaSaida;CodEmpresa;NotaSaidaImportacaoPISCOFINS;CodEmpresa
FK_NotaSaidaLoteNFSe_NotaSaida;NotaSaida;CodEmpresa;NotaSaidaLoteNFSe;CodEmpresa
FK_NotaSaidaLoteNFSe_NotaSaida;NotaSaida;Numero;NotaSaidaLoteNFSe;Numero
FK_NotaSaidaNFSe_NotaSaida;NotaSaida;Numero;NotaSaidaNFSe;Numero
FK_NotaSaidaNFSe_NotaSaida;NotaSaida;CodEmpresa;NotaSaidaNFSe;CodEmpresa
FK_NotaSaidaOutrosImpostos_NotaSaida;NotaSaida;CodEmpresa;NotaSaidaOutrosImpostos;CodEmpresa
FK_NotaSaidaOutrosImpostos_NotaSaida;NotaSaida;Numero;NotaSaidaOutrosImpostos;Numero
FK_NotaSaidaPedido_NotaSaida;NotaSaida;Numero;NotaSaidaPedido;Numero
FK_NotaSaidaPedido_NotaSaida;NotaSaida;CodEmpresa;NotaSaidaPedido;CodEmpresa
FK_NotaSaidaRefNFe_NotaSaida;NotaSaida;CodEmpresa;NotaSaidaRefNFe;CodEmpresa
FK_NotaSaidaRefNFe_NotaSaida;NotaSaida;Numero;NotaSaidaRefNFe;Numero
FK_NotaSaidaRegiao_NotaSaida;NotaSaida;Numero;NotaSaidaRegiao;Numero
FK_NotaSaidaRegiao_NotaSaida;NotaSaida;CodEmpresa;NotaSaidaRegiao;CodEmpresa
FK_NotaSaidaServicoVendedor_NotaSaida;NotaSaida;CodEmpresa;NotaSaidaServicoVendedor;CodEmpresa
FK_NotaSaidaServicoVendedor_NotaSaida;NotaSaida;Numero;NotaSaidaServicoVendedor;Numero
FK_NotaSaidaTransportador_NotaSaida;NotaSaida;Numero;NotaSaidaTransportador;Numero
FK_NotaSaidaTransportador_NotaSaida;NotaSaida;CodEmpresa;NotaSaidaTransportador;CodEmpresa
NotaSaidaEntregaProdutos_Numero;NotaSaidaEntrega;CodEmpresa;NotaSaidaEntregaProdutos;CodEmpresa
NotaSaidaEntregaProdutos_Numero;NotaSaidaEntrega;Numero;NotaSaidaEntregaProdutos;Numero
Imoveis_CodObra;Obras;CodObra;Imoveis;CodObra
ObrasOrcamento_CodObra;Obras;CodObra;ObrasOrcamento;CodObra
MarcacaoPonto_CodOcorrenciaPonto;OcorrenciaPonto;CodOcorrenciaPonto;MarcacaoPonto;CodOcorrenciaPonto
FK_OrdemServicoAnexos_OrdemServico;OrdemServico;CodEmpresa;OrdemServicoAnexos;CodEmpresa
FK_OrdemServicoAnexos_OrdemServico;OrdemServico;Numero;OrdemServicoAnexos;Numero
OrdemServicoEquipamento_Numero;OrdemServico;Numero;OrdemServicoEquipamento;Numero
OrdemServicoEquipamento_Numero;OrdemServico;CodEmpresa;OrdemServicoEquipamento;CodEmpresa
OrdemServicoProdutos_Numero;OrdemServico;CodEmpresa;OrdemServicoProdutos;CodEmpresa
OrdemServicoProdutos_Numero;OrdemServico;Numero;OrdemServicoProdutos;Numero
OrdemServicoVeiculo_Numero;OrdemServico;Numero;OrdemServicoVeiculo;Numero
OrdemServicoVeiculo_Numero;OrdemServico;CodEmpresa;OrdemServicoVeiculo;CodEmpresa
Atendimento_CodOrigemAtendimento;OrigemAtendimento;CodOrigemAtendimento;Atendimento;CodOrigemAtendimento
PaletesMovimentacao_CodPalete;Paletes;CodPalete;PaletesMovimentacao;CodPalete
PaletesMovimentacao_CodPalete;Paletes;CodEmpresa;PaletesMovimentacao;CodEmpresa
PaletesProdutos_CodPalete;Paletes;CodEmpresa;PaletesProdutos;CodEmpresa
PaletesProdutos_CodPalete;Paletes;CodPalete;PaletesProdutos;CodPalete
PaletesProdutosLote_CodPalete;Paletes;CodPalete;PaletesProdutosLote;CodPalete
PaletesProdutosLote_CodPalete;Paletes;CodEmpresa;PaletesProdutosLote;CodEmpresa
FK_ClientesDependente_Parentesco;Parentesco;CodParentesco;ClientesDependente;CodParentesco
FK_PDVCaixaFormaPagamento_PDVCaixa1;PDVCaixa;Serie;PDVCaixaFormaPagamento;Serie
FK_PDVCaixaFormaPagamento_PDVCaixa1;PDVCaixa;PDVControle;PDVCaixaFormaPagamento;PDVControle
FK_PDVCaixaFormaPagamento_PDVCaixa1;PDVCaixa;CodEmpresa;PDVCaixaFormaPagamento;CodEmpresa
PDVCaixaTipoDocumento_PDVControle;PDVCaixa;PDVControle;PDVCaixaTipoDocumento;PDVControle
PDVCaixaTipoDocumento_PDVControle;PDVCaixa;CodEmpresa;PDVCaixaTipoDocumento;CodEmpresa
PDVCaixaTipoDocumento_PDVControle;PDVCaixa;Serie;PDVCaixaTipoDocumento;Serie
PedidoCompraDistribFinanceira_NumeroPedido;PedidoCompra;NumeroPedido;PedidoCompraDistribFinanceira;NumeroPedido
PedidoCompraDistribFinanceira_NumeroPedido;PedidoCompra;CodEmpresa;PedidoCompraDistribFinanceira;CodEmpresa
FK_PedidoCompraParcelas_PedidoCompra;PedidoCompra;CodEmpresa;PedidoCompraParcelas;CodEmpresa
FK_PedidoCompraParcelas_PedidoCompra;PedidoCompra;NumeroPedido;PedidoCompraParcelas;NumeroPedido
PedidoCompraProdutos_NumeroPedido;PedidoCompra;CodEmpresa;PedidoCompraProdutos;CodEmpresa
PedidoCompraProdutos_NumeroPedido;PedidoCompra;NumeroPedido;PedidoCompraProdutos;NumeroPedido
FK_PedidoCompraProdutosFichaTecnica_PedidoCompra;PedidoCompra;NumeroPedido;PedidoCompraProdutosFichaTecnica;NumeroPedido
FK_PedidoCompraProdutosFichaTecnica_PedidoCompra;PedidoCompra;CodEmpresa;PedidoCompraProdutosFichaTecnica;CodEmpresa
CampanhaPesquisaResposta_CodPergunta;Perguntas;CodPergunta;CampanhaPesquisaResposta;CodPergunta
PesquisasPerguntas_CodPergunta;Perguntas;CodPergunta;PesquisasPerguntas;CodPergunta
PesquisasPerguntas_CodPesquisa;Pesquisas;CodPesquisa;PesquisasPerguntas;CodPesquisa
MarcacaoPonto_CodPessoa;Pessoal;CodPessoa;MarcacaoPonto;CodPessoa
QuadroHorarioPessoal_CodPessoa;Pessoal;CodPessoa;QuadroHorarioPessoal;CodPessoa
aPagar_CodPortador;Portadores;CodPortador;aPagar;CodPortador
aReceber_CodPortador;Portadores;CodPortador;aReceber;CodPortador
FK_PreOrdemServicoAnexos_PreOrdemServico;PreOrdemServico;CodEmpresa;PreOrdemServicoAnexos;CodEmpresa
FK_PreOrdemServicoAnexos_PreOrdemServico;PreOrdemServico;Numero;PreOrdemServicoAnexos;Numero
FK_PreOrdemServicoProdutos_PreOrdemServico;PreOrdemServico;Numero;PreOrdemServicoProdutos;Numero
FK_PreOrdemServicoProdutos_PreOrdemServico;PreOrdemServico;CodEmpresa;PreOrdemServicoProdutos;CodEmpresa
ProdutosMedicamento_CodPrincipioAtivo;PrincipioAtivo;CodPrincipioAtivo;ProdutosMedicamento;CodPrincipioAtivo
ProcedimentoCirurgicoConvenio_CodProcedimentoCirurgico;ProcedimentoCirurgico;CodProcedimentoCirurgico;ProcedimentoCirurgicoConvenio;CodProcedimentoCirurgico
ProcedimentoCirurgicoProdutos_CodProcedimentoCirurgico;ProcedimentoCirurgico;CodProcedimentoCirurgico;ProcedimentoCirurgicoProdutos;CodProcedimentoCirurgico
FK_ProducaoControleExpedicaoProdutos_ProducaoControleExpedicao;ProducaoControleExpedicao;CodEmpresa;ProducaoControleExpedicaoProdutos;CodEmpresa
FK_ProducaoControleExpedicaoProdutos_ProducaoControleExpedicao;ProducaoControleExpedicao;NumeroExpedicao;ProducaoControleExpedicaoProdutos;NumeroExpedicao
FK_ProducaoControle_ProducaoControleFase;ProducaoControleFase;CodProducaoControleFase;ProducaoControle;CodProducaoControleFase
FK_ProducaoFuncionarioRH_ProducaoFuncionario;ProducaoFuncionario;CodEmpresa;ProducaoFuncionarioRH;CodEmpresa
FK_ProducaoFuncionarioRH_ProducaoFuncionario;ProducaoFuncionario;CodFuncionario;ProducaoFuncionarioRH;CodFuncionario
FK_ProducaoFuncionarios_ProducaoFuncionario;ProducaoFuncionario;CodFuncionario;ProducaoFuncionarios;CodFuncionario
FK_ProducaoFuncionarios_ProducaoFuncionario;ProducaoFuncionario;CodEmpresa;ProducaoFuncionarios;CodEmpresa
CampanhaProduto_CodProduto;Produtos;CodProduto;CampanhaProduto;CodProduto
FK_ClientesEmpresaProdutoSerie_Produtos;Produtos;CodProduto;ClientesEmpresaProdutoSerie;CodProduto
ClientesProdutos_CodProduto;Produtos;CodProduto;ClientesProdutos;CodProduto
ContagemFisica_CodProduto;Produtos;CodProduto;ContagemFisica;CodProduto
ContratosProdutos_CodProduto;Produtos;CodProduto;ContratosProdutos;CodProduto
MovimentoEstoque_CodProduto;Produtos;CodProduto;MovimentoEstoque;CodProduto
NotaSaidaEntregaProdutos_CodProduto;Produtos;CodProduto;NotaSaidaEntregaProdutos;CodProduto
PedidoCompraProdutos_CodProduto;Produtos;CodProduto;PedidoCompraProdutos;CodProduto
PesagemNM_CodProduto;Produtos;CodProduto;PesagemNM;CodProduto
ProcedimentoCirurgicoProdutos_CodProduto;Produtos;CodProduto;ProcedimentoCirurgicoProdutos;CodProduto
ProcessoProducao_CodProduto;Produtos;CodProduto;ProcessoProducao;CodProduto
ProducaoLotes_CodProduto;Produtos;CodProduto;ProducaoLotes;CodProduto
ProducaoRequisicoes_CodProduto;Produtos;CodProduto;ProducaoRequisicoes;CodProduto
FK_ProdutosAnexos_Produtos;Produtos;CodProduto;ProdutosAnexos;CodProduto
FK_ProdutosCalculoPreco_Produtos;Produtos;CodProduto;ProdutosCalculoPreco;CodProduto
FK_ProdutosCamposUsuario_Produtos;Produtos;CodProduto;ProdutosCamposUsuario;CodProduto
ProdutosCodigosAdicionais_CodProduto;Produtos;CodProduto;ProdutosCodigosAdicionais;CodProduto
FK_ProdutosComissaoCondicao_Produtos;Produtos;CodProduto;ProdutosComissaoCondicao;CodProduto
FK_ProdutosConfiguracaoBalanca_Produtos;Produtos;CodProduto;ProdutosConfiguracaoBalanca;CodProduto
FK_ProdutosConfiguracaoCliente_Produtos;Produtos;CodProduto;ProdutosConfiguracaoCliente;CodProduto
ProdutosEquivalentes_CodProduto;Produtos;CodProduto;ProdutosEquivalentes;CodProduto
FK_ProdutosEstoque_Produtos;Produtos;CodProduto;ProdutosEstoque;CodProduto
ProdutosFichaTecnica_CodProduto;Produtos;CodProduto;ProdutosFichaTecnica;CodProduto
FK_ProdutosFornecedorUnidade_Produtos;Produtos;CodProduto;ProdutosFornecedorUnidade;CodProduto
FK_ProdutosInformacaoBalanca_Produtos;Produtos;CodProduto;ProdutosInformacaoBalanca;CodProduto
ProdutosLista_CodProduto;Produtos;CodProduto;ProdutosLista;CodProduto
ProdutosLote_CodProduto;Produtos;CodProduto;ProdutosLote;CodProduto
FK_ProdutosMadeira_Produtos;Produtos;CodProduto;ProdutosMadeira;CodProduto
FK_ProdutosMarcas_Produtos;Produtos;CodProduto;ProdutosMarcas;CodProduto
ProdutosMedicamento_CodProduto;Produtos;CodProduto;ProdutosMedicamento;CodProduto
FK_ProdutosModelos_Produtos;Produtos;CodProduto;ProdutosModelos;CodProduto
ProdutosPromocaoAurora_CodProduto;Produtos;CodProduto;ProdutosPromocaoAurora;CodProduto
FK_ProdutosRegiao_Produtos;Produtos;CodProduto;ProdutosRegiao;CodProduto
FK_ProdutosSoftware_Produtos;Produtos;CodProduto;ProdutosSoftware;CodProduto
FK_ProdutosTipoAtividade_Produtos;Produtos;CodProduto;ProdutosTipoAtividade;CodProduto
FK_ProdutosTransformacao_Produtos;Produtos;CodProduto;ProdutosTransformacao;CodProduto
ProdutosTributacaoCliente_CodProduto;Produtos;CodProduto;ProdutosTributacaoCliente;CodProduto
FK_ProdutosVeiculo_Produtos;Produtos;CodProduto;ProdutosVeiculo;CodProduto
FK_TabelaEspecialProdutos_Produtos;Produtos;CodProduto;TabelaEspecialProdutos;CodProduto
FK_TabelaPrecos_Produtos;Produtos;CodProduto;TabelaPrecos;CodProduto
VendedorComissaoProduto_CodProduto;Produtos;CodProduto;VendedorComissaoProduto;CodProduto
VendedorProdutosPalm_CodProduto;Produtos;CodProduto;VendedorProdutosPalm;CodProduto
ComandaProduto_CodProduto;ProdutosEstoque;CodEmpresa;ComandaProduto;CodEmpresa
ComandaProduto_CodProduto;ProdutosEstoque;CodProduto;ComandaProduto;CodProduto
PaletesProdutos_CodProduto;ProdutosEstoque;CodProduto;PaletesProdutos;CodProduto
PaletesProdutos_CodProduto;ProdutosEstoque;CodEmpresa;PaletesProdutos;CodEmpresa
ProdutosEstoqueCI_CodProduto;ProdutosEstoque;CodEmpresa;ProdutosEstoqueCI;CodEmpresa
ProdutosEstoqueCI_CodProduto;ProdutosEstoque;CodProduto;ProdutosEstoqueCI;CodProduto
FK_ProdutosEstoqueConsignado_ProdutosEstoque;ProdutosEstoque;CodProduto;ProdutosEstoqueConsignado;CodProduto
FK_ProdutosEstoqueConsignado_ProdutosEstoque;ProdutosEstoque;CodEmpresa;ProdutosEstoqueConsignado;CodEmpresa
ProdutosEstoqueDiarioPAF_CodProduto;ProdutosEstoque;CodProduto;ProdutosEstoqueDiarioPAF;CodProduto
ProdutosEstoqueDiarioPAF_CodProduto;ProdutosEstoque;CodEmpresa;ProdutosEstoqueDiarioPAF;CodEmpresa
FK_ProdutosEstoquePalete_ProdutosEstoque;ProdutosEstoque;CodEmpresa;ProdutosEstoquePalete;CodEmpresa
FK_ProdutosEstoquePalete_ProdutosEstoque;ProdutosEstoque;CodProduto;ProdutosEstoquePalete;CodProduto
ProdutosEstoqueReceitaNaoTributadaPisCofins_CodProduto;ProdutosEstoque;CodProduto;ProdutosEstoqueReceitaNaoTributadaPisCofins;CodProduto
ProdutosEstoqueReceitaNaoTributadaPisCofins_CodProduto;ProdutosEstoque;CodEmpresa;ProdutosEstoqueReceitaNaoTributadaPisCofins;CodEmpresa
FK_ProdutosLocalEstoque_ProdutosEstoque;ProdutosEstoque;CodEmpresa;ProdutosLocalEstoque;CodEmpresa
FK_ProdutosLocalEstoque_ProdutosEstoque;ProdutosEstoque;CodProduto;ProdutosLocalEstoque;CodProduto
PaletesProdutosLote_CodEmpresa;ProdutosLote;CodEmpresa;PaletesProdutosLote;CodEmpresa
PaletesProdutosLote_CodEmpresa;ProdutosLote;CodProduto;PaletesProdutosLote;CodProduto
PaletesProdutosLote_CodEmpresa;ProdutosLote;NumLote;PaletesProdutosLote;NumLote
PropostaVendaClientes_NumProposta;PropostaVenda;CodEmpresa;PropostaVendaClientes;CodEmpresa
PropostaVendaClientes_NumProposta;PropostaVenda;NumProposta;PropostaVendaClientes;NumProposta
PropostaVendaImoveis_NumProposta;PropostaVenda;NumProposta;PropostaVendaImoveis;NumProposta
PropostaVendaImoveis_NumProposta;PropostaVenda;CodEmpresa;PropostaVendaImoveis;CodEmpresa
PropostaVendaPagamentos_NumProposta;PropostaVenda;NumProposta;PropostaVendaPagamentos;NumProposta
PropostaVendaPagamentos_NumProposta;PropostaVenda;CodEmpresa;PropostaVendaPagamentos;CodEmpresa
PropostaVendaProcessos_NumProposta;PropostaVenda;CodEmpresa;PropostaVendaProcessos;CodEmpresa
PropostaVendaProcessos_NumProposta;PropostaVenda;NumProposta;PropostaVendaProcessos;NumProposta
PropostaVendaProdutos_NumProposta;PropostaVenda;NumProposta;PropostaVendaProdutos;NumProposta
PropostaVendaProdutos_NumProposta;PropostaVenda;CodEmpresa;PropostaVendaProdutos;CodEmpresa
PropostaVendaServico_NumProposta;PropostaVenda;CodEmpresa;PropostaVendaServico;CodEmpresa
PropostaVendaServico_NumProposta;PropostaVenda;NumProposta;PropostaVendaServico;NumProposta
MarketingVendas_CodProspecte;Prospectes;CodProspecte;MarketingVendas;CodProspecte
ProspectesContatos_CodProspecte;Prospectes;CodProspecte;ProspectesContatos;CodProspecte
CQSRegistrosRDM_NumRDM;RDM;CodEmpresa;CQSRegistrosRDM;CodEmpresa
CQSRegistrosRDM_NumRDM;RDM;Desdobramento;CQSRegistrosRDM;Desdobramento
CQSRegistrosRDM_NumRDM;RDM;NumRDM;CQSRegistrosRDM;NumRDM
RDMAlteracaoProduto_NumRDM;RDM;NumRDM;RDMAlteracaoProduto;NumRDM
RDMAlteracaoProduto_NumRDM;RDM;Desdobramento;RDMAlteracaoProduto;Desdobramento
RDMAlteracaoProduto_NumRDM;RDM;CodEmpresa;RDMAlteracaoProduto;CodEmpresa
RDMAnalise_NumRDM;RDM;CodEmpresa;RDMAnalise;CodEmpresa
RDMAnalise_NumRDM;RDM;Desdobramento;RDMAnalise;Desdobramento
RDMAnalise_NumRDM;RDM;NumRDM;RDMAnalise;NumRDM
RDMAnexos_NumRDM;RDM;NumRDM;RDMAnexos;NumRDM
RDMAnexos_NumRDM;RDM;Desdobramento;RDMAnexos;Desdobramento
RDMAnexos_NumRDM;RDM;CodEmpresa;RDMAnexos;CodEmpresa
RDMBranch_NumRDM;RDM;CodEmpresa;RDMBranch;CodEmpresa
RDMBranch_NumRDM;RDM;Desdobramento;RDMBranch;Desdobramento
RDMBranch_NumRDM;RDM;NumRDM;RDMBranch;NumRDM
RDMCausaErro_NumRDM;RDM;Desdobramento;RDMCausaErro;Desdobramento
RDMCausaErro_NumRDM;RDM;NumRDM;RDMCausaErro;NumRDM
RDMCausaErro_NumRDM;RDM;CodEmpresa;RDMCausaErro;CodEmpresa
RDMObservacao_NumRDM;RDM;CodEmpresa;RDMObservacao;CodEmpresa
RDMObservacao_NumRDM;RDM;Desdobramento;RDMObservacao;Desdobramento
RDMObservacao_NumRDM;RDM;NumRDM;RDMObservacao;NumRDM
RDMOrcamento_NumRDM;RDM;CodEmpresa;RDMOrcamento;CodEmpresa
RDMOrcamento_NumRDM;RDM;NumRDM;RDMOrcamento;NumRDM
RDMOrcamento_NumRDM;RDM;Desdobramento;RDMOrcamento;Desdobramento
RDMSituacao_NumRDM;RDM;Desdobramento;RDMSituacao;Desdobramento
RDMSituacao_NumRDM;RDM;NumRDM;RDMSituacao;NumRDM
RDMSituacao_NumRDM;RDM;CodEmpresa;RDMSituacao;CodEmpresa
RDMSprint_NumRDM;RDM;CodEmpresa;RDMSprint;CodEmpresa
RDMSprint_NumRDM;RDM;Desdobramento;RDMSprint;Desdobramento
RDMSprint_NumRDM;RDM;NumRDM;RDMSprint;NumRDM
RDMTags_NumRDM;RDM;NumRDM;RDMTags;NumRDM
RDMTags_NumRDM;RDM;Desdobramento;RDMTags;Desdobramento
RDMTags_NumRDM;RDM;CodEmpresa;RDMTags;CodEmpresa
ProdutosEstoqueReceitaNaoTributadaPisCofins_idReceitaNaoTributadaPisCofins;ReceitaNaoTributadaPisCofins;idReceitaNaoTributadaPisCofins;ProdutosEstoqueReceitaNaoTributadaPisCofins;idReceitaNaoTributadaPisCofins
ReducoesECFAliquota_Serie;ReducoesECF;CodEmpresa;ReducoesECFAliquota;CodEmpresa
ReducoesECFAliquota_Serie;ReducoesECF;Numero;ReducoesECFAliquota;Numero
ReducoesECFAliquota_Serie;ReducoesECF;Serie;ReducoesECFAliquota;Serie
FK_ProdutosRegiao_Regioes;Regioes;CodRegiao;ProdutosRegiao;CodRegiao
FK_RegistroFCI_RegistroFCIProdutos;RegistroFCI;CodEmpresa;RegistroFCIProdutos;CodEmpresa
FK_RegistroFCI_RegistroFCIProdutos;RegistroFCI;Controle;RegistroFCIProdutos;Controle
FKRegistroICM_IPI_Valores_RegistroICM_IPI_Documentos;RegistroICM_IPI_Valores;NumRegistro;RegistroIPI_Documentos;NumRegistro
RelCustoItensMP_NumRelCusto;RelCustoCabecalho;NumRelCusto;RelCustoItensMP;NumRelCusto
FK_aReceberRemessaCNAB_aReceberRemessaCNAB;RemessaCNAB;CodEmpresa;aReceberRemessaCNAB;CodEmpresa
FK_aReceberRemessaCNAB_aReceberRemessaCNAB;RemessaCNAB;CodRemessaCNAB;aReceberRemessaCNAB;CodRemessaCNAB
FK_CondicaoPagamentoSerie_SerieNotaFiscal;SerieNotaFiscal;Serie;CondicaoPagamentoSerie;Serie
FK_CondicaoPagamentoSerie_SerieNotaFiscal;SerieNotaFiscal;CodEmpresa;CondicaoPagamentoSerie;CodEmpresa
FK_GrupoEstoqueSeriePedido_SerieNotaFiscal;SerieNotaFiscal;Serie;GrupoEstoqueSeriePedido;Serie
FK_GrupoEstoqueSeriePedido_SerieNotaFiscal;SerieNotaFiscal;CodEmpresa;GrupoEstoqueSeriePedido;CodEmpresa
MDFeIdentificacao_Serie;SerieNotaFiscal;CodEmpresa;MDFeIdentificacao;CodEmpresa
MDFeIdentificacao_Serie;SerieNotaFiscal;Serie;MDFeIdentificacao;Serie
FK_NaturezaOperacaoSerieDocumento_SerieNotaFiscal;SerieNotaFiscal;CodEmpresa;NaturezaOperacaoSerieDocumento;CodEmpresa
FK_NaturezaOperacaoSerieDocumento_SerieNotaFiscal;SerieNotaFiscal;Serie;NaturezaOperacaoSerieDocumento;Serie
OrdemServico_Serie;SerieNotaFiscal;Serie;OrdemServico;Serie
OrdemServico_Serie;SerieNotaFiscal;CodEmpresa;OrdemServico;CodEmpresa
FK_ProducaoRequisicoes_SerieNotaFiscal;SerieNotaFiscal;Serie;ProducaoRequisicoes;Serie
FK_ProducaoRequisicoes_SerieNotaFiscal;SerieNotaFiscal;CodEmpresa;ProducaoRequisicoes;CodEmpresa
SerieNotaFiscalDispositivosNFE_Serie;SerieNotaFiscal;CodEmpresa;SerieNotaFiscalDispositivosNFE;CodEmpresa
SerieNotaFiscalDispositivosNFE_Serie;SerieNotaFiscal;Serie;SerieNotaFiscalDispositivosNFE;Serie
ServicosNFeCNPJ_CodServicoNFe;ServicosNFe;Cidade;ServicosNFeCNPJ;Cidade
ServicosNFeCNPJ_CodServicoNFe;ServicosNFe;CodServicoNFe;ServicosNFeCNPJ;CodServicoNFe
ServicosNFeCNPJ_CodServicoNFe;ServicosNFe;Estado;ServicosNFeCNPJ;Estado
FK_PedidoCompra_SetorCompra;SetorCompra;CodSetorCompra;PedidoCompra;CodSetorCompra
FK_OrdemServico_SetorOS1;SetorOS;CodSetorOS;OrdemServico;CodSetorOS
QuadroHorarioSetor_CodSetorProducao;SetorProducao;CodSetorProducao;QuadroHorarioSetor;CodSetorProducao
ChequesRecebidosSituacao_CodSituacaoCheque;SituacaoCheque;CodSituacaoCheque;ChequesRecebidosSituacao;CodSituacaoCheque
Cobrancas_CodSituacaoCobranca;SituacaoCobranca;CodSituacaoCobranca;Cobrancas;CodSituacaoCobranca
Imoveis_CodSituacaoImovel;SituacaoImovel;CodSituacaoImovel;Imoveis;CodSituacaoImovel
FK_SituacaoPedidoCompraUsuarioAutorizado_SituacaoPedidoCompra;SituacaoPedidoCompra;CodSituacaoPedidoCompra;SituacaoPedidoCompraUsuarioAutorizado;CodSituacaoPedidoCompra
RDMSprint_NumSprint;Sprints;CodEmpresa;RDMSprint;CodEmpresaSprint
RDMSprint_NumSprint;Sprints;NumSprint;RDMSprint;NumSprint
RegistroSPED_F100_CST_PIS_COFINS;STPisCofins;CSTPisCofins;RegistroSPED_F100;CST_PIS_COFINS
TabelaEspecialClientes_CodTabelaEspecial;TabelaEspecial;CodTabelaEspecial;TabelaEspecialClientes;CodTabelaEspecial
TabelaEspecialProdutos_CodTabelaEspecial;TabelaEspecial;CodTabelaEspecial;TabelaEspecialProdutos;CodTabelaEspecial
NotaSaidaOutrosImpostos_CodImposto;TabelaImpostos;CodEmpresa;NotaSaidaOutrosImpostos;CodEmpresa
NotaSaidaOutrosImpostos_CodImposto;TabelaImpostos;CodImposto;NotaSaidaOutrosImpostos;CodImposto
RDMTags_NomeTag;Tags;NomeTag;RDMTags;NomeTag
TarefasObservacao_idTarefa;Tarefas;idTarefa;TarefasObservacao;idTarefa
FK_TicketVendaOcorrencia_TicketVenda;TicketVenda;CodEmpresa;TicketVendaOcorrencia;CodEmpresa
FK_TicketVendaOcorrencia_TicketVenda;TicketVenda;NumTicket;TicketVendaOcorrencia;NumTicket
MarketingVendas_CodTipoAcaoVenda;TipoAcaoVenda;CodTipoAcaoVenda;MarketingVendas;CodTipoAcaoVenda
Atendimento_CodTipoAtendimento;TipoAtendimento;CodTipoAtendimento;Atendimento;CodTipoAtendimento
Clientes_CodTipoAtividade;TipoAtividade;CodTipoAtividade;Clientes;CodTipoAtividade
FK_ProdutosTipoAtividade_TipoAtividade;TipoAtividade;CodTipoAtividade;ProdutosTipoAtividade;CodTipoAtividade
Prospectes_CodTipoAtividade;TipoAtividade;CodTipoAtividade;Prospectes;CodTipoAtividade
Clientes_CodTipoCliente;TipoCliente;CodTipoCliente;Clientes;CodTipoCliente
PedidoCompra_CodTipoCompra;TipoCompra;CodTipoCompra;PedidoCompra;CodTipoCompra
Contratos_CodTipoContrato;TipoContrato;CodTipoContrato;Contratos;CodTipoContrato
VendedorDescontoComissao_CodTipoDesconto;TipoDesconto;CodTipoDesconto;VendedorDescontoComissao;CodTipoDesconto
FK_aPagarBaixa_TipoDocumento;TipoDocumento;CodTipoDocumento;aPagarBaixa;CodTipoDocumento
FK_aReceberBaixa_TipoDocumento;TipoDocumento;CodTipoDocumento;aReceberBaixa;CodTipoDocumento
FK_Equipamentos_TipoEquipamento;TipoEquipamento;CodTipoEquipamento;Equipamentos;CodTipoEquipamento
Produtos_CodTipoItem;TipoItem;CodTipoItem;Produtos;CodTipoItem
Contratos_CodTipoLicenca;TipoLicenca;CodTipoLicenca;Contratos;CodTipoLicenca
FK_OrdemServico_TipoManutencao;TipoManutencao;CodTipoManutencao;OrdemServico;CodTipoManutencao
Obras_CodTipoObra;TipoObra;CodTipoObra;Obras;CodTipoObra
ProdutosEstoquePalete_CodTipoPalete;TipoPalete;CodTipoPalete;ProdutosEstoquePalete;CodTipoPalete
PropostaVendaProcessos_CodTipoProcessoVenda;TipoProcessoVenda;CodTipoProcessoVenda;PropostaVendaProcessos;CodTipoProcessoVenda
Embarques_CodTipoProduto;TipoProduto;CodTipoProduto;Embarques;CodTipoProduto
FK_Produtos_TipoProduto;TipoProduto;CodTipoProduto;Produtos;CodTipoProduto
TipoProdutoSerie_CodTipoProduto;TipoProduto;CodTipoProduto;TipoProdutoSerie;CodTipoProduto
FK_ClientesRelacionados_TipoRelacaoCliente;TipoRelacaoCliente;CodTipoRelacaoCliente;ClientesRelacionados;CodTipoRelacaoCliente
Scripts_CodTipoScript;TipoScript;CodTipoScript;Scripts;CodTipoScript
Prospectes_CodTipoSegmento;TipoSegmento;CodTipoSegmento;Prospectes;CodTipoSegmento
TabelaICMTipoTributacao_CodTabelaICM;TipoTributacao;Origem;TabelaICMTipoTributacao;Origem
TabelaICMTipoTributacao_CodTabelaICM;TipoTributacao;CodTipoTributacao;TabelaICMTipoTributacao;CodTipoTributacao
FK_TipoTributacao_TipoTributacao;TipoTributacao;CodTipoTributacao;TipoTributacao;CodTipoTributacao
FK_TipoTributacao_TipoTributacao;TipoTributacao;Origem;TipoTributacao;Origem
MDFeModalRodoviario_PlacaVeiculo;Transportadores;PlacaVeiculo;MDFeModalRodoviario;PlacaVeiculo
WMSProdutoSKU_Unidade;Unidades;Unidade;WMSProdutoSKU;Unidade
GrupoUsuarioMembros_CodUsuario;Usuarios;CodUsuario;GrupoUsuarioMembros;CodUsuario
MensagensUsuario_CodUsuario;Usuarios;CodUsuario;MensagensUsuario;CodUsuario
PastasUsuario_CodUsuario;Usuarios;CodUsuario;PastasUsuario;CodUsuario
FK_SituacaoPedidoCompraUsuarioAutorizado_Usuarios;Usuarios;CodUsuario;SituacaoPedidoCompraUsuarioAutorizado;CodUsuario
UsuariosConfiguracaoFormulario_CodUsuario;Usuarios;CodUsuario;UsuariosConfiguracaoFormulario;CodUsuario
UsuariosConfiguracaoVariavel_CodUsuario;Usuarios;CodUsuario;UsuariosConfiguracaoVariavel;CodUsuario
FK_VarejoControleEntregaDocumentos_VarejoControleEntrega;VarejoControleEntrega;CodEmpresa;VarejoControleEntregaDocumentos;CodEmpresa
FK_VarejoControleEntregaDocumentos_VarejoControleEntrega;VarejoControleEntrega;CodEntrega;VarejoControleEntregaDocumentos;CodEntrega
FK_VendaCanceladaProdutos_VendaCancelada1;VendaCancelada;CodEmpresa;VendaCanceladaProdutos;CodEmpresa
FK_VendaCanceladaProdutos_VendaCancelada1;VendaCancelada;Numero;VendaCanceladaProdutos;Numero
FK_VendaCanceladaProdutos_VendaCancelada1;VendaCancelada;Serie;VendaCanceladaProdutos;Serie
aReceber_CodVendedor;Vendedores;CodVendedor;aReceber;CodVendedor
ClienteVendedor_CodVendedor;Vendedores;CodVendedor;ClienteVendedor;CodVendedor
Comanda_CodVendedor;Vendedores;CodVendedor;Comanda;CodVendedor
PesagemNM_CodVendedor;Vendedores;CodVendedor;PesagemNM;CodVendedor
VendedorAutorizacaoDesconto_CodVendedor;Vendedores;CodVendedor;VendedorAutorizacaoDesconto;CodVendedor
VendedorComissaoProduto_CodVendedor;Vendedores;CodVendedor;VendedorComissaoProduto;CodVendedor
VendedorDescontoComissao_CodVendedor;Vendedores;CodVendedor;VendedorDescontoComissao;CodVendedor
VendedoresCotas_CodVendedor;Vendedores;CodVendedor;VendedoresCotas;CodVendedor
VendedoresLimiteDesconto_CodVendedor;Vendedores;CodVendedor;VendedoresLimiteDesconto;CodVendedor
VendedoresMensagem_CodVendedor;Vendedores;CodVendedor;VendedoresMensagem;CodVendedor
VendedorProdutosPalm_CodVendedor;Vendedores;CodVendedor;VendedorProdutosPalm;CodVendedor
VisitasPalm_CodVendedor;Vendedores;CodVendedor;VisitasPalm;CodVendedor
WMSCargaEntradaItensConferencia_CodCarga;WMSCargaEntrada;CodCarga;WMSCargaEntradaItensConferencia;CodCarga
WMSCargaEntradaItensConferencia_CodCarga;WMSCargaEntrada;CodEmpresa;WMSCargaEntradaItensConferencia;CodEmpresa
WMSCargaEntradaNotas_CodCarga;WMSCargaEntrada;CodEmpresa;WMSCargaEntradaNotas;CodEmpresa
WMSCargaEntradaNotas_CodCarga;WMSCargaEntrada;CodCarga;WMSCargaEntradaNotas;CodCarga
WMSCargaEntradaNotaSaida_CodCarga;WMSCargaEntrada;CodCarga;WMSCargaEntradaNotaSaida;CodCarga
WMSCargaEntradaNotaSaida_CodCarga;WMSCargaEntrada;CodEmpresa;WMSCargaEntradaNotaSaida;CodEmpresa
WMSOrdemServicoCargaEntrada_CodCarga;WMSCargaEntrada;CodEmpresa;WMSOrdemServicoCargaEntrada;CodEmpresa
WMSOrdemServicoCargaEntrada_CodCarga;WMSCargaEntrada;CodCarga;WMSOrdemServicoCargaEntrada;CodCarga
WMSCargaEntradaNotaSaidaItens_CodCarga;WMSCargaEntradaNotaSaida;CodCarga;WMSCargaEntradaNotaSaidaItens;CodCarga
WMSCargaEntradaNotaSaidaItens_CodCarga;WMSCargaEntradaNotaSaida;CodEmpresa;WMSCargaEntradaNotaSaidaItens;CodEmpresa
WMSCargaEntradaNotaSaidaItens_CodCarga;WMSCargaEntradaNotaSaida;Numero;WMSCargaEntradaNotaSaidaItens;Numero
WMSOrdemServicoExecucaoProdutosDevolucao_CodMotivoNaoConformidade;WMSMotivoNaoConformidade;CodMotivoNaoConformidade;WMSOrdemServicoExecucaoProdutosDevolucao;CodMotivoNaoConformidade
WMSOperacaoFuncaoPessoal_CodOperacao;WMSOperacao;CodOperacao;WMSOperacaoFuncaoPessoal;CodOperacao
FK_WMSMovimentoEstoque_WMSOrdemServico;WMSOrdemServico;CodEmpresa;WMSMovimentoEstoque;CodEmpresa
FK_WMSMovimentoEstoque_WMSOrdemServico;WMSOrdemServico;NumeroOS;WMSMovimentoEstoque;NumeroOS
WMSOrdemServicoCargaEntrada_NumeroOS;WMSOrdemServico;CodEmpresa;WMSOrdemServicoCargaEntrada;CodEmpresa
WMSOrdemServicoCargaEntrada_NumeroOS;WMSOrdemServico;NumeroOS;WMSOrdemServicoCargaEntrada;NumeroOS
FK_WMSOrdemServicoConferenciaQuantidadePeso_WMSOrdemServico;WMSOrdemServico;NumeroOS;WMSOrdemServicoConferenciaQuantidadePeso;NumeroOS
FK_WMSOrdemServicoConferenciaQuantidadePeso_WMSOrdemServico;WMSOrdemServico;CodEmpresa;WMSOrdemServicoConferenciaQuantidadePeso;CodEmpresa
WMSOrdemServicoProdutos_NumeroOS;WMSOrdemServico;CodEmpresa;WMSOrdemServicoProdutos;CodEmpresa
WMSOrdemServicoProdutos_NumeroOS;WMSOrdemServico;NumeroOS;WMSOrdemServicoProdutos;NumeroOS
FK_WMSOrdemServicoExecucaoProdutos_WMSOrdemServicoProdutos;WMSOrdemServicoProdutos;CodEmpresa;WMSOrdemServicoExecucaoProdutos;CodEmpresa
FK_WMSOrdemServicoExecucaoProdutos_WMSOrdemServicoProdutos;WMSOrdemServicoProdutos;CodProduto;WMSOrdemServicoExecucaoProdutos;CodDigitado
FK_WMSOrdemServicoExecucaoProdutos_WMSOrdemServicoProdutos;WMSOrdemServicoProdutos;NumeroOS;WMSOrdemServicoExecucaoProdutos;NumeroOS
WMSAreaArmazenagemWMSProduto_CodProduto;WMSProduto;CodProduto;WMSAreaArmazenagemWMSProduto;CodProduto
FK_WMSOrdemServicoProdutos_WMSProduto;WMSProduto;CodProduto;WMSOrdemServicoProdutos;CodProduto
WMSProdutoSKU_CodProduto;WMSProduto;CodProduto;WMSProdutoSKU;CodProduto
FK_WMSEnderecoLote_WMSProdutoSKU;WMSProdutoSKU;CodProduto;WMSEnderecoLote;CodProduto
FK_WMSEnderecoLote_WMSProdutoSKU;WMSProdutoSKU;FatorConversao;WMSEnderecoLote;FatorConversao
FK_WMSEnderecoLote_WMSProdutoSKU;WMSProdutoSKU;Unidade;WMSEnderecoLote;Unidade
WMSEnderecoProdutoSKU_Unidade;WMSProdutoSKU;FatorConversao;WMSEnderecoProdutoSKU;FatorConversao
WMSEnderecoProdutoSKU_Unidade;WMSProdutoSKU;CodProduto;WMSEnderecoProdutoSKU;CodProduto
WMSEnderecoProdutoSKU_Unidade;WMSProdutoSKU;Unidade;WMSEnderecoProdutoSKU;Unidade
FK_WMSMovimentoEstoque_WMSProdutoSKU;WMSProdutoSKU;FatorConversao;WMSMovimentoEstoque;FatorConversao
FK_WMSMovimentoEstoque_WMSProdutoSKU;WMSProdutoSKU;Unidade;WMSMovimentoEstoque;Unidade
FK_WMSMovimentoEstoque_WMSProdutoSKU;WMSProdutoSKU;CodProduto;WMSMovimentoEstoque;CodProduto
WMSProdutoSKUCodigoBarras_CodProduto;WMSProdutoSKU;CodProduto;WMSProdutoSKUCodigoBarras;CodProduto
WMSProdutoSKUCodigoBarras_CodProduto;WMSProdutoSKU;Unidade;WMSProdutoSKUCodigoBarras;Unidade
WMSProdutoSKUCodigoBarras_CodProduto;WMSProdutoSKU;FatorConversao;WMSProdutoSKUCodigoBarras;FatorConversao
FK_WMSEndereco_WMSTipoEndereco;WMSTipoEndereco;CodTipoEndereco;WMSEndereco;CodTipoEndereco
WMSTipoOSFuncaoPessoal_CodTipoOS;WMSTipoOS;CodTipoOS;WMSTipoOSFuncaoPessoal;CodTipoOS
